Id,Expected
0,True
1,True
2,True
3,False
4,True
5,True
6,False
7,False
8,True
9,True
10,True
11,False
12,True
13,False
14,False
15,False
16,False
17,True
18,True
19,False
20,True
21,True
22,True
23,False
24,True
25,False
26,True
27,True
28,True
29,True
30,True
31,True
32,False
33,False
34,False
35,True
36,True
37,True
38,False
39,False
40,False
41,True
42,False
43,True
44,True
45,True
46,True
47,True
48,True
49,False
50,True
51,False
52,False
53,False
54,True
55,True
56,True
57,True
58,False
59,False
60,True
61,True
62,True
63,True
64,False
65,True
66,True
67,False
68,True
69,True
70,True
71,True
72,False
73,True
74,True
75,False
76,True
77,True
78,False
79,False
80,True
81,True
82,True
83,True
84,False
85,True
86,True
87,True
88,False
89,True
90,True
91,True
92,True
93,True
94,False
95,True
96,False
97,True
98,True
99,True
100,True
101,True
102,False
103,False
104,True
105,False
106,True
107,True
108,True
109,False
110,False
111,False
112,True
113,True
114,True
115,True
116,True
117,True
118,True
119,True
120,True
121,True
122,True
123,False
124,True
125,False
126,True
127,False
128,False
129,True
130,True
131,False
132,True
133,False
134,True
135,False
136,True
137,True
138,True
139,True
140,True
141,True
142,False
143,True
144,False
145,True
146,False
147,False
148,True
149,True
150,False
151,True
152,True
153,False
154,False
155,True
156,True
157,False
158,False
159,True
160,True
161,True
162,True
163,True
164,False
165,False
166,True
167,False
168,True
169,True
170,True
171,True
172,True
173,False
174,True
175,True
176,False
177,False
178,False
179,True
180,True
181,False
182,True
183,True
184,False
185,False
186,True
187,False
188,False
189,False
190,True
191,False
192,True
193,True
194,True
195,True
196,True
197,True
198,True
199,False
200,True
201,True
202,True
203,True
204,False
205,False
206,True
207,True
208,True
209,True
210,True
211,False
212,True
213,True
214,False
215,True
216,False
217,True
218,True
219,True
220,True
221,True
222,True
223,True
224,True
225,True
226,True
227,True
228,True
229,True
230,True
231,True
232,True
233,False
234,True
235,True
236,True
237,False
238,False
239,True
240,False
241,False
242,True
243,True
244,False
245,True
246,True
247,False
248,False
249,True
250,True
251,False
252,True
253,True
254,False
255,True
256,True
257,False
258,True
259,True
260,True
261,True
262,True
263,True
264,True
265,True
266,False
267,True
268,True
269,False
270,False
271,True
272,False
273,True
274,False
275,True
276,False
277,False
278,True
279,True
280,False
281,True
282,True
283,False
284,True
285,True
286,True
287,False
288,False
289,False
290,True
291,True
292,True
293,True
294,False
295,True
296,True
297,False
298,False
299,False
300,True
301,True
302,False
303,True
304,False
305,False
306,False
307,True
308,False
309,True
310,False
311,True
312,True
313,True
314,True
315,False
316,True
317,True
318,True
319,True
320,True
321,True
322,False
323,False
324,True
325,True
326,False
327,True
328,True
329,False
330,True
331,True
332,False
333,False
334,False
335,True
336,False
337,True
338,True
339,True
340,True
341,False
342,True
343,True
344,False
345,True
346,True
347,True
348,False
349,True
350,True
351,False
352,True
353,True
354,True
355,True
356,False
357,False
358,True
359,True
360,True
361,False
362,True
363,True
364,False
365,False
366,False
367,False
368,True
369,True
370,False
371,True
372,False
373,False
374,False
375,True
376,False
377,False
378,False
379,True
380,False
381,True
382,True
383,False
384,False
385,False
386,False
387,False
388,True
389,False
390,True
391,True
392,True
393,False
394,True
395,True
396,False
397,True
398,True
399,True
400,True
401,False
402,True
403,True
404,True
405,True
406,True
407,False
408,False
409,True
410,False
411,True
412,True
413,True
414,True
415,False
416,False
417,False
418,True
419,False
420,True
421,False
422,False
423,True
424,False
425,True
426,True
427,False
428,True
429,False
430,True
431,False
432,True
433,True
434,True
435,False
436,False
437,True
438,False
439,True
440,True
441,True
442,True
443,False
444,False
445,False
446,False
447,True
448,True
449,False
450,True
451,False
452,True
453,False
454,False
455,True
456,False
457,False
458,True
459,True
460,True
461,True
462,True
463,True
464,True
465,False
466,True
467,True
468,True
469,True
470,False
471,False
472,True
473,False
474,True
475,True
476,True
477,True
478,False
479,True
480,True
481,True
482,True
483,False
484,True
485,True
486,False
487,True
488,True
489,False
490,True
491,False
492,True
493,True
494,True
495,False
496,True
497,True
498,False
499,False
500,True
501,False
502,False
503,True
504,False
505,True
506,True
507,True
508,False
509,True
510,True
511,False
512,False
513,True
514,True
515,True
516,False
517,False
518,False
519,True
520,True
521,False
522,True
523,False
524,True
525,True
526,True
527,True
528,True
529,True
530,True
531,True
532,False
533,True
534,True
535,False
536,True
537,False
538,True
539,True
540,True
541,True
542,False
543,True
544,False
545,True
546,False
547,True
548,True
549,True
550,True
551,True
552,False
553,False
554,False
555,True
556,False
557,True
558,False
559,True
560,True
561,True
562,False
563,False
564,False
565,True
566,False
567,True
568,True
569,True
570,True
571,True
572,True
573,True
574,False
575,True
576,False
577,False
578,False
579,True
580,True
581,True
582,False
583,False
584,True
585,False
586,True
587,True
588,True
589,True
590,True
591,True
592,True
593,False
594,True
595,True
596,True
597,False
598,True
599,True
600,False
601,False
602,True
603,True
604,True
605,True
606,True
607,True
608,True
609,False
610,True
611,False
612,False
613,False
614,False
615,False
616,False
617,True
618,False
619,True
620,True
621,True
622,False
623,False
624,True
625,True
626,False
627,True
628,False
629,False
630,False
631,False
632,False
633,True
634,True
635,False
636,False
637,True
638,True
639,True
640,True
641,True
642,True
643,True
644,False
645,False
646,False
647,True
648,False
649,False
650,True
651,True
652,True
653,True
654,False
655,False
656,False
657,True
658,True
659,True
660,True
661,True
662,False
663,True
664,True
665,True
666,True
667,True
668,True
669,True
670,True
671,False
672,True
673,True
674,False
675,False
676,False
677,True
678,True
679,True
680,False
681,True
682,True
683,False
684,True
685,True
686,True
687,True
688,False
689,True
690,False
691,True
692,False
693,True
694,True
695,True
696,True
697,False
698,True
699,True
700,True
701,True
702,True
703,True
704,True
705,False
706,True
707,True
708,True
709,False
710,True
711,True
712,True
713,False
714,True
715,False
716,False
717,False
718,False
719,False
720,True
721,False
722,False
723,True
724,True
725,True
726,False
727,False
728,False
729,True
730,False
731,True
732,False
733,True
734,True
735,True
736,True
737,True
738,False
739,False
740,True
741,True
742,False
743,True
744,False
745,False
746,True
747,True
748,True
749,False
750,False
751,False
752,False
753,False
754,True
755,True
756,False
757,False
758,False
759,False
760,False
761,True
762,True
763,True
764,True
765,True
766,False
767,True
768,False
769,True
770,True
771,True
772,False
773,True
774,True
775,True
776,True
777,True
778,True
779,True
780,True
781,True
782,True
783,False
784,True
785,True
786,True
787,True
788,True
789,False
790,False
791,True
792,True
793,False
794,False
795,True
796,False
797,False
798,False
799,True
800,True
801,True
802,True
803,True
804,False
805,False
806,True
807,True
808,False
809,True
810,True
811,True
812,True
813,False
814,True
815,False
816,True
817,True
818,False
819,True
820,True
821,False
822,False
823,True
824,False
825,False
826,False
827,False
828,True
829,True
830,False
831,True
832,True
833,True
834,True
835,True
836,True
837,True
838,False
839,False
840,True
841,True
842,True
843,True
844,False
845,False
846,True
847,False
848,True
849,True
850,False
851,True
852,True
853,True
854,True
855,False
856,True
857,True
858,False
859,True
860,True
861,True
862,True
863,False
864,False
865,False
866,True
867,False
868,False
869,True
870,True
871,True
872,True
873,True
874,True
875,True
876,False
877,True
878,True
879,False
880,True
881,True
882,True
883,True
884,False
885,False
886,True
887,False
888,True
889,True
890,False
891,False
892,False
893,False
894,False
895,False
896,False
897,True
898,True
899,True
900,True
901,False
902,True
903,True
904,True
905,False
906,False
907,True
908,True
909,False
910,True
911,True
912,True
913,False
914,True
915,False
916,False
917,True
918,True
919,True
920,False
921,True
922,True
923,True
924,False
925,False
926,True
927,True
928,True
929,True
930,False
931,False
932,False
933,True
934,False
935,True
936,True
937,False
938,False
939,False
940,True
941,False
942,False
943,True
944,True
945,False
946,False
947,True
948,True
949,True
950,True
951,False
952,False
953,True
954,True
955,True
956,True
957,False
958,True
959,False
960,True
961,True
962,True
963,True
964,True
965,True
966,True
967,False
968,False
969,False
970,False
971,False
972,True
973,True
974,True
975,True
976,True
977,False
978,False
979,False
980,True
981,False
982,False
983,True
984,True
985,True
986,False
987,False
988,False
989,True
990,False
991,True
992,True
993,False
994,True
995,False
996,False
997,True
998,False
999,False
1000,False
1001,True
1002,True
1003,True
1004,True
1005,True
1006,True
1007,False
1008,True
1009,True
1010,True
1011,False
1012,True
1013,True
1014,False
1015,True
1016,False
1017,True
1018,True
1019,False
1020,True
1021,True
1022,True
1023,False
1024,True
1025,True
1026,True
1027,False
1028,True
1029,True
1030,False
1031,True
1032,False
1033,True
1034,True
1035,True
1036,True
1037,True
1038,True
1039,False
1040,True
1041,False
1042,False
1043,False
1044,True
1045,True
1046,False
1047,False
1048,False
1049,True
1050,False
1051,False
1052,True
1053,True
1054,True
1055,True
1056,False
1057,False
1058,True
1059,True
1060,True
1061,True
1062,False
1063,True
1064,False
1065,True
1066,True
1067,False
1068,True
1069,True
1070,True
1071,True
1072,False
1073,False
1074,False
1075,True
1076,True
1077,True
1078,False
1079,True
1080,False
1081,False
1082,False
1083,True
1084,True
1085,True
1086,True
1087,True
1088,True
1089,True
1090,True
1091,False
1092,True
1093,False
1094,True
1095,False
1096,True
1097,True
1098,False
1099,True
1100,False
1101,False
1102,True
1103,False
1104,True
1105,True
1106,False
1107,True
1108,True
1109,False
1110,True
1111,True
1112,True
1113,True
1114,False
1115,True
1116,True
1117,False
1118,True
1119,True
1120,True
1121,True
1122,True
1123,False
1124,False
1125,True
1126,False
1127,True
1128,True
1129,True
1130,False
1131,False
1132,True
1133,False
1134,True
1135,True
1136,True
1137,False
1138,False
1139,False
1140,True
1141,False
1142,True
1143,False
1144,True
1145,True
1146,True
1147,True
1148,True
1149,True
1150,True
1151,False
1152,False
1153,True
1154,False
1155,False
1156,True
1157,False
1158,True
1159,True
1160,False
1161,True
1162,False
1163,True
1164,False
1165,False
1166,False
1167,True
1168,False
1169,False
1170,True
1171,False
1172,True
1173,False
1174,False
1175,True
1176,True
1177,False
1178,True
1179,False
1180,True
1181,True
1182,False
1183,False
1184,True
1185,True
1186,False
1187,False
1188,True
1189,False
1190,True
1191,False
1192,True
1193,True
1194,False
1195,True
1196,True
1197,True
1198,False
1199,True
1200,False
1201,True
1202,True
1203,True
1204,True
1205,False
1206,True
1207,True
1208,False
1209,False
1210,False
1211,True
1212,False
1213,False
1214,True
1215,False
1216,True
1217,True
1218,True
1219,True
1220,False
1221,False
1222,True
1223,True
1224,False
1225,False
1226,True
1227,True
1228,False
1229,True
1230,True
1231,False
1232,False
1233,False
1234,True
1235,True
1236,True
1237,False
1238,True
1239,True
1240,False
1241,True
1242,True
1243,True
1244,True
1245,False
1246,True
1247,False
1248,False
1249,True
1250,True
1251,False
1252,True
1253,True
1254,True
1255,True
1256,True
1257,False
1258,True
1259,True
1260,True
1261,False
1262,True
1263,True
1264,True
1265,False
1266,False
1267,True
1268,True
1269,False
1270,False
1271,False
1272,False
1273,False
1274,False
1275,True
1276,False
1277,True
1278,False
1279,False
1280,True
1281,True
1282,True
1283,False
1284,False
1285,False
1286,True
1287,False
1288,True
1289,True
1290,True
1291,True
1292,True
1293,True
1294,True
1295,True
1296,True
1297,True
1298,True
1299,False
1300,True
1301,True
1302,True
1303,True
1304,True
1305,True
1306,True
1307,True
1308,True
1309,True
1310,True
1311,True
1312,True
1313,True
1314,False
1315,False
1316,True
1317,False
1318,True
1319,True
1320,True
1321,False
1322,True
1323,False
1324,False
1325,True
1326,True
1327,False
1328,True
1329,True
1330,True
1331,True
1332,True
1333,False
1334,True
1335,True
1336,True
1337,True
1338,False
1339,True
1340,False
1341,False
1342,False
1343,True
1344,True
1345,True
1346,True
1347,True
1348,False
1349,True
1350,True
1351,True
1352,False
1353,True
1354,False
1355,True
1356,True
1357,True
1358,True
1359,False
1360,False
1361,True
1362,True
1363,True
1364,True
1365,True
1366,True
1367,True
1368,True
1369,True
1370,True
1371,False
1372,True
1373,False
1374,True
1375,False
1376,True
1377,True
1378,False
1379,True
1380,False
1381,False
1382,False
1383,False
1384,False
1385,True
1386,False
1387,True
1388,False
1389,False
1390,True
1391,False
1392,False
1393,True
1394,True
1395,False
1396,False
1397,True
1398,False
1399,True
1400,False
1401,True
1402,True
1403,True
1404,False
1405,True
1406,True
1407,True
1408,True
1409,True
1410,True
1411,True
1412,False
1413,True
1414,True
1415,True
1416,True
1417,True
1418,True
1419,True
1420,False
1421,False
1422,True
1423,True
1424,False
1425,True
1426,True
1427,False
1428,False
1429,True
1430,False
1431,True
1432,True
1433,False
1434,True
1435,False
1436,True
1437,False
1438,True
1439,True
1440,True
1441,True
1442,False
1443,True
1444,True
1445,True
1446,False
1447,False
1448,True
1449,False
1450,True
1451,True
1452,True
1453,False
1454,True
1455,True
1456,True
1457,True
1458,False
1459,True
1460,False
1461,True
1462,True
1463,True
1464,False
1465,False
1466,True
1467,True
1468,True
1469,True
1470,True
1471,True
1472,True
1473,False
1474,True
1475,True
1476,True
1477,True
1478,False
1479,True
1480,False
1481,False
1482,False
1483,True
1484,False
1485,True
1486,True
1487,False
1488,True
1489,True
1490,True
1491,False
1492,False
1493,True
1494,True
1495,False
1496,False
1497,False
1498,False
1499,True
1500,True
1501,True
1502,False
1503,False
1504,True
1505,False
1506,True
1507,False
1508,True
1509,True
1510,False
1511,False
1512,False
1513,False
1514,False
1515,True
1516,True
1517,True
1518,True
1519,False
1520,True
1521,False
1522,False
1523,True
1524,True
1525,False
1526,True
1527,False
1528,False
1529,True
1530,True
1531,False
1532,True
1533,True
1534,True
1535,True
1536,True
1537,True
1538,True
1539,True
1540,True
1541,True
1542,True
1543,True
1544,True
1545,False
1546,True
1547,False
1548,False
1549,True
1550,True
1551,True
1552,False
1553,True
1554,True
1555,False
1556,False
1557,True
1558,False
1559,False
1560,True
1561,True
1562,True
1563,True
1564,True
1565,True
1566,False
1567,False
1568,False
1569,True
1570,True
1571,True
1572,True
1573,True
1574,False
1575,False
1576,False
1577,True
1578,True
1579,True
1580,True
1581,True
1582,True
1583,True
1584,False
1585,False
1586,True
1587,True
1588,True
1589,True
1590,True
1591,False
1592,True
1593,True
1594,False
1595,True
1596,True
1597,False
1598,True
1599,False
1600,True
1601,True
1602,False
1603,False
1604,True
1605,True
1606,False
1607,True
1608,True
1609,True
1610,False
1611,True
1612,True
1613,True
1614,True
1615,False
1616,True
1617,True
1618,True
1619,True
1620,True
1621,True
1622,False
1623,False
1624,False
1625,False
1626,True
1627,True
1628,False
1629,True
1630,False
1631,False
1632,True
1633,False
1634,True
1635,True
1636,False
1637,False
1638,True
1639,False
1640,True
1641,True
1642,False
1643,True
1644,True
1645,True
1646,True
1647,False
1648,True
1649,True
1650,True
1651,True
1652,True
1653,True
1654,True
1655,True
1656,True
1657,True
1658,True
1659,True
1660,False
1661,True
1662,False
1663,True
1664,True
1665,True
1666,True
1667,False
1668,False
1669,True
1670,False
1671,False
1672,True
1673,True
1674,False
1675,True
1676,False
1677,False
1678,True
1679,True
1680,False
1681,False
1682,True
1683,False
1684,False
1685,True
1686,True
1687,True
1688,True
1689,True
1690,False
1691,False
1692,False
1693,True
1694,True
1695,False
1696,True
1697,False
1698,False
1699,False
1700,False
1701,False
1702,False
1703,False
1704,True
1705,False
1706,False
1707,False
1708,False
1709,True
1710,True
1711,True
1712,False
1713,True
1714,True
1715,True
1716,False
1717,True
1718,True
1719,False
1720,False
1721,True
1722,True
1723,False
1724,True
1725,False
1726,False
1727,True
1728,False
1729,False
1730,False
1731,True
1732,True
1733,True
1734,True
1735,False
1736,False
1737,True
1738,True
1739,True
1740,True
1741,True
1742,True
1743,False
1744,True
1745,True
1746,True
1747,False
1748,True
1749,True
1750,True
1751,False
1752,False
1753,False
1754,True
1755,False
1756,False
1757,False
1758,False
1759,False
1760,True
1761,True
1762,True
1763,True
1764,False
1765,False
1766,True
1767,False
1768,True
1769,False
1770,False
1771,True
1772,True
1773,True
1774,False
1775,True
1776,True
1777,False
1778,True
1779,False
1780,True
1781,True
1782,True
1783,False
1784,True
1785,True
1786,False
1787,False
1788,False
1789,True
1790,False
1791,True
1792,False
1793,False
1794,True
1795,False
1796,True
1797,False
1798,False
1799,True
1800,True
1801,True
1802,True
1803,True
1804,True
1805,False
1806,False
1807,True
1808,True
1809,False
1810,True
1811,False
1812,False
1813,False
1814,False
1815,True
1816,False
1817,True
1818,True
1819,True
1820,False
1821,True
1822,False
1823,True
1824,True
1825,True
1826,False
1827,True
1828,True
1829,False
1830,False
1831,True
1832,True
1833,True
1834,False
1835,True
1836,True
1837,True
1838,True
1839,True
1840,True
1841,False
1842,True
1843,False
1844,True
1845,True
1846,False
1847,False
1848,True
1849,False
1850,False
1851,False
1852,False
1853,True
1854,False
1855,True
1856,True
1857,True
1858,True
1859,True
1860,False
1861,True
1862,True
1863,False
1864,True
1865,True
1866,False
1867,True
1868,False
1869,False
1870,False
1871,False
1872,True
1873,False
1874,False
1875,False
1876,False
1877,True
1878,False
1879,True
1880,True
1881,False
1882,True
1883,True
1884,True
1885,True
1886,False
1887,True
1888,False
1889,False
1890,True
1891,False
1892,False
1893,True
1894,True
1895,True
1896,False
1897,True
1898,True
1899,True
1900,True
1901,True
1902,True
1903,True
1904,False
1905,False
1906,True
1907,True
1908,False
1909,False
1910,True
1911,False
1912,True
1913,True
1914,False
1915,True
1916,True
1917,False
1918,True
1919,False
1920,False
1921,True
1922,False
1923,False
1924,True
1925,True
1926,True
1927,True
1928,True
1929,True
1930,False
1931,False
1932,False
1933,True
1934,False
1935,True
1936,True
1937,True
1938,False
1939,True
1940,False
1941,True
1942,True
1943,True
1944,True
1945,False
1946,False
1947,False
1948,True
1949,True
1950,True
1951,True
1952,True
1953,True
1954,False
1955,True
1956,False
1957,False
1958,True
1959,True
1960,True
1961,False
1962,False
1963,False
1964,True
1965,True
1966,True
1967,False
1968,True
1969,False
1970,True
1971,True
1972,True
1973,True
1974,True
1975,True
1976,True
1977,False
1978,False
1979,True
1980,False
1981,False
1982,True
1983,True
1984,True
1985,True
1986,True
1987,True
1988,False
1989,True
1990,True
1991,True
1992,True
1993,True
1994,True
1995,False
1996,True
1997,True
1998,True
1999,False
2000,False
2001,True
2002,False
2003,False
2004,True
2005,False
2006,True
2007,False
2008,False
2009,False
2010,True
2011,True
2012,True
2013,True
2014,True
2015,True
2016,True
2017,True
2018,True
2019,True
2020,True
2021,True
2022,True
2023,True
2024,True
2025,True
2026,False
2027,False
2028,True
2029,True
2030,True
2031,True
2032,True
2033,True
2034,False
2035,False
2036,True
2037,False
2038,True
2039,True
2040,True
2041,False
2042,True
2043,True
2044,False
2045,False
2046,True
2047,False
2048,True
2049,False
2050,False
2051,True
2052,True
2053,False
2054,False
2055,True
2056,False
2057,True
2058,True
2059,False
2060,True
2061,True
2062,True
2063,True
2064,False
2065,False
2066,False
2067,False
2068,True
2069,True
2070,False
2071,True
2072,True
2073,False
2074,True
2075,True
2076,True
2077,True
2078,False
2079,True
2080,False
2081,False
2082,True
2083,True
2084,True
2085,False
2086,True
2087,False
2088,True
2089,True
2090,False
2091,True
2092,True
2093,False
2094,False
2095,True
2096,True
2097,False
2098,True
2099,True
2100,True
2101,True
2102,False
2103,False
2104,True
2105,True
2106,False
2107,False
2108,True
2109,True
2110,True
2111,False
2112,False
2113,False
2114,True
2115,True
2116,True
2117,True
2118,True
2119,False
2120,True
2121,True
2122,True
2123,True
2124,False
2125,True
2126,True
2127,True
2128,False
2129,True
2130,False
2131,False
2132,True
2133,True
2134,False
2135,True
2136,True
2137,True
2138,False
2139,True
2140,True
2141,False
2142,True
2143,False
2144,False
2145,False
2146,True
2147,False
2148,True
2149,True
2150,True
2151,False
2152,True
2153,True
2154,False
2155,False
2156,False
2157,True
2158,True
2159,True
2160,True
2161,False
2162,True
2163,True
2164,False
2165,True
2166,True
2167,True
2168,True
2169,False
2170,True
2171,True
2172,True
2173,True
2174,False
2175,True
2176,False
2177,False
2178,True
2179,False
2180,True
2181,True
2182,False
2183,False
2184,False
2185,False
2186,True
2187,True
2188,False
2189,True
2190,True
2191,True
2192,True
2193,False
2194,True
2195,True
2196,True
2197,False
2198,True
2199,False
2200,False
2201,True
2202,True
2203,True
2204,False
2205,True
2206,False
2207,True
2208,True
2209,True
2210,True
2211,True
2212,False
2213,True
2214,True
2215,True
2216,False
2217,True
2218,False
2219,True
2220,False
2221,True
2222,True
2223,True
2224,False
2225,False
2226,True
2227,True
2228,True
2229,False
2230,True
2231,True
2232,False
2233,False
2234,True
2235,True
2236,False
2237,True
2238,True
2239,False
2240,False
2241,True
2242,False
2243,False
2244,True
2245,True
2246,True
2247,False
2248,True
2249,False
2250,True
2251,True
2252,False
2253,True
2254,False
2255,False
2256,True
2257,True
2258,True
2259,True
2260,True
2261,False
2262,True
2263,False
2264,True
2265,True
2266,False
2267,True
2268,True
2269,False
2270,False
2271,True
2272,True
2273,False
2274,False
2275,True
2276,True
2277,True
2278,True
2279,True
2280,True
2281,False
2282,False
2283,False
2284,False
2285,True
2286,False
2287,False
2288,True
2289,True
2290,True
2291,True
2292,True
2293,False
2294,True
2295,True
2296,True
2297,True
2298,True
2299,False
2300,True
2301,False
2302,False
2303,True
2304,True
2305,False
2306,False
2307,False
2308,False
2309,False
2310,False
2311,True
2312,True
2313,False
2314,True
2315,True
2316,True
2317,True
2318,False
2319,True
2320,True
2321,True
2322,True
2323,True
2324,False
2325,True
2326,True
2327,False
2328,True
2329,True
2330,True
2331,True
2332,True
2333,True
2334,True
2335,True
2336,True
2337,True
2338,False
2339,True
2340,False
2341,False
2342,True
2343,False
2344,False
2345,True
2346,True
2347,True
2348,True
2349,True
2350,True
2351,True
2352,True
2353,False
2354,False
2355,True
2356,True
2357,True
2358,False
2359,True
2360,False
2361,False
2362,True
2363,False
2364,False
2365,False
2366,False
2367,False
2368,False
2369,False
2370,False
2371,False
2372,False
2373,True
2374,True
2375,True
2376,False
2377,False
2378,True
2379,False
2380,False
2381,True
2382,False
2383,True
2384,True
2385,False
2386,True
2387,False
2388,True
2389,True
2390,True
2391,False
2392,False
2393,False
2394,True
2395,True
2396,True
2397,False
2398,True
2399,False
2400,True
2401,True
2402,True
2403,False
2404,True
2405,True
2406,False
2407,True
2408,True
2409,True
2410,True
2411,False
2412,False
2413,False
2414,True
2415,False
2416,True
2417,False
2418,True
2419,True
2420,True
2421,True
2422,True
2423,True
2424,True
2425,False
2426,False
2427,True
2428,False
2429,False
2430,False
2431,True
2432,True
2433,False
2434,True
2435,False
2436,True
2437,True
2438,True
2439,True
2440,True
2441,True
2442,True
2443,False
2444,True
2445,True
2446,True
2447,False
2448,False
2449,True
2450,True
2451,False
2452,True
2453,False
2454,True
2455,False
2456,False
2457,False
2458,True
2459,True
2460,True
2461,False
2462,True
2463,True
2464,True
2465,True
2466,False
2467,False
2468,True
2469,True
2470,False
2471,False
2472,True
2473,True
2474,False
2475,True
2476,False
2477,True
2478,True
2479,False
2480,True
2481,True
2482,True
2483,True
2484,False
2485,True
2486,False
2487,False
2488,True
2489,True
2490,True
2491,False
2492,True
2493,False
2494,False
2495,True
2496,True
2497,False
2498,True
2499,False
2500,False
2501,False
2502,True
2503,False
2504,True
2505,True
2506,False
2507,True
2508,True
2509,True
2510,True
2511,True
2512,True
2513,True
2514,True
2515,False
2516,True
2517,False
2518,False
2519,True
2520,True
2521,False
2522,False
2523,True
2524,True
2525,True
2526,False
2527,True
2528,False
2529,True
2530,True
2531,False
2532,False
2533,True
2534,False
2535,True
2536,True
2537,False
2538,True
2539,True
2540,False
2541,True
2542,True
2543,True
2544,True
2545,True
2546,True
2547,True
2548,True
2549,True
2550,True
2551,True
2552,True
2553,False
2554,True
2555,True
2556,False
2557,True
2558,False
2559,True
2560,True
2561,False
2562,True
2563,False
2564,True
2565,True
2566,False
2567,True
2568,False
2569,False
2570,True
2571,True
2572,True
2573,False
2574,True
2575,True
2576,True
2577,True
2578,True
2579,False
2580,False
2581,True
2582,True
2583,False
2584,True
2585,True
2586,True
2587,False
2588,False
2589,False
2590,True
2591,True
2592,False
2593,True
2594,False
2595,True
2596,True
2597,True
2598,True
2599,True
2600,True
2601,True
2602,True
2603,False
2604,True
2605,True
2606,False
2607,True
2608,True
2609,True
2610,False
2611,True
2612,True
2613,False
2614,True
2615,True
2616,True
2617,True
2618,False
2619,True
2620,True
2621,True
2622,False
2623,False
2624,False
2625,True
2626,True
2627,True
2628,True
2629,False
2630,False
2631,True
2632,False
2633,False
2634,False
2635,False
2636,True
2637,True
2638,True
2639,True
2640,True
2641,True
2642,False
2643,False
2644,True
2645,True
2646,True
2647,False
2648,True
2649,True
2650,True
2651,True
2652,True
2653,False
2654,False
2655,False
2656,False
2657,False
2658,False
2659,False
2660,True
2661,True
2662,True
2663,True
2664,True
2665,True
2666,False
2667,False
2668,False
2669,True
2670,False
2671,True
2672,False
2673,True
2674,False
2675,True
2676,True
2677,False
2678,True
2679,False
2680,True
2681,False
2682,True
2683,True
2684,True
2685,True
2686,False
2687,False
2688,False
2689,True
2690,False
2691,True
2692,True
2693,False
2694,True
2695,False
2696,True
2697,True
2698,False
2699,True
2700,True
2701,True
2702,True
2703,False
2704,True
2705,True
2706,True
2707,True
2708,False
2709,False
2710,True
2711,False
2712,False
2713,True
2714,False
2715,True
2716,False
2717,False
2718,False
2719,False
2720,False
2721,True
2722,True
2723,True
2724,True
2725,True
2726,False
2727,True
2728,True
2729,True
2730,True
2731,True
2732,True
2733,True
2734,True
2735,True
2736,True
2737,True
2738,False
2739,True
2740,True
2741,False
2742,True
2743,True
2744,True
2745,False
2746,False
2747,True
2748,True
2749,False
2750,True
2751,True
2752,False
2753,True
2754,False
2755,False
2756,True
2757,False
2758,True
2759,False
2760,True
2761,True
2762,False
2763,True
2764,True
2765,False
2766,False
2767,True
2768,False
2769,True
2770,False
2771,False
2772,False
2773,False
2774,True
2775,False
2776,False
2777,True
2778,True
2779,False
2780,True
2781,True
2782,True
2783,True
2784,True
2785,True
2786,True
2787,True
2788,False
2789,True
2790,True
2791,True
2792,True
2793,True
2794,False
2795,True
2796,True
2797,False
2798,False
2799,True
2800,True
2801,False
2802,True
2803,True
2804,True
2805,True
2806,True
2807,False
2808,True
2809,False
2810,True
2811,False
2812,True
2813,True
2814,True
2815,False
2816,False
2817,False
2818,True
2819,False
2820,False
2821,False
2822,True
2823,True
2824,True
2825,False
2826,False
2827,True
2828,True
2829,True
2830,False
2831,True
2832,True
2833,True
2834,True
2835,True
2836,False
2837,False
2838,True
2839,True
2840,True
2841,True
2842,True
2843,False
2844,True
2845,False
2846,True
2847,True
2848,False
2849,True
2850,False
2851,False
2852,False
2853,False
2854,True
2855,True
2856,True
2857,True
2858,False
2859,False
2860,False
2861,False
2862,True
2863,True
2864,True
2865,True
2866,True
2867,False
2868,True
2869,False
2870,True
2871,False
2872,True
2873,True
2874,False
2875,True
2876,True
2877,True
2878,True
2879,False
2880,False
2881,True
2882,True
2883,True
2884,True
2885,True
2886,True
2887,True
2888,False
2889,True
2890,False
2891,True
2892,False
2893,True
2894,True
2895,True
2896,False
2897,False
2898,True
2899,True
2900,True
2901,True
2902,True
2903,True
2904,False
2905,False
2906,True
2907,False
2908,True
2909,True
2910,True
2911,True
2912,True
2913,True
2914,True
2915,True
2916,True
2917,True
2918,False
2919,True
2920,False
2921,True
2922,False
2923,True
2924,False
2925,False
2926,False
2927,False
2928,False
2929,True
2930,False
2931,True
2932,True
2933,True
2934,False
2935,False
2936,False
2937,False
2938,False
2939,True
2940,True
2941,False
2942,True
2943,True
2944,True
2945,True
2946,False
2947,True
2948,True
2949,False
2950,True
2951,False
2952,False
2953,False
2954,False
2955,True
2956,False
2957,False
2958,True
2959,True
2960,True
2961,False
2962,False
2963,False
2964,True
2965,True
2966,True
2967,True
2968,False
2969,True
2970,True
2971,False
2972,False
2973,True
2974,False
2975,False
2976,True
2977,False
2978,False
2979,True
2980,False
2981,True
2982,True
2983,True
2984,False
2985,True
2986,False
2987,False
2988,True
2989,True
2990,True
2991,True
2992,True
2993,False
2994,True
2995,True
2996,True
2997,False
2998,False
2999,False
3000,True
3001,True
3002,False
3003,True
3004,True
3005,False
3006,True
3007,True
3008,True
3009,False
3010,True
3011,True
3012,False
3013,False
3014,True
3015,False
3016,True
3017,True
3018,True
3019,True
3020,True
3021,True
3022,True
3023,False
3024,True
3025,False
3026,False
3027,False
3028,True
3029,True
3030,True
3031,True
3032,True
3033,True
3034,False
3035,False
3036,True
3037,True
3038,True
3039,True
3040,False
3041,False
3042,False
3043,False
3044,True
3045,True
3046,True
3047,False
3048,True
3049,False
3050,False
3051,True
3052,False
3053,True
3054,True
3055,False
3056,False
3057,True
3058,True
3059,True
3060,True
3061,True
3062,True
3063,True
3064,True
3065,True
3066,True
3067,False
3068,False
3069,True
3070,False
3071,True
3072,True
3073,True
3074,True
3075,False
3076,True
3077,False
3078,True
3079,True
3080,False
3081,False
3082,True
3083,False
3084,False
3085,True
3086,True
3087,True
3088,True
3089,True
3090,False
3091,False
3092,True
3093,False
3094,False
3095,True
3096,True
3097,True
3098,True
3099,False
3100,True
3101,False
3102,False
3103,True
3104,True
3105,True
3106,True
3107,True
3108,True
3109,True
3110,False
3111,False
3112,True
3113,True
3114,False
3115,True
3116,True
3117,True
3118,True
3119,False
3120,True
3121,True
3122,False
3123,True
3124,False
3125,True
3126,True
3127,True
3128,True
3129,False
3130,True
3131,True
3132,False
3133,False
3134,True
3135,False
3136,True
3137,True
3138,True
3139,True
3140,True
3141,False
3142,True
3143,False
3144,True
3145,False
3146,False
3147,True
3148,False
3149,True
3150,True
3151,True
3152,True
3153,False
3154,False
3155,False
3156,True
3157,True
3158,True
3159,True
3160,True
3161,True
3162,False
3163,False
3164,False
3165,False
3166,False
3167,True
3168,True
3169,False
3170,True
3171,True
3172,True
3173,True
3174,False
3175,False
3176,False
3177,True
3178,True
3179,True
3180,True
3181,False
3182,False
3183,True
3184,True
3185,False
3186,True
3187,True
3188,True
3189,True
3190,True
3191,True
3192,False
3193,True
3194,True
3195,False
3196,False
3197,True
3198,True
3199,True
3200,True
3201,True
3202,True
3203,True
3204,True
3205,True
3206,True
3207,True
3208,True
3209,False
3210,True
3211,True
3212,True
3213,False
3214,True
3215,False
3216,True
3217,True
3218,False
3219,False
3220,True
3221,True
3222,True
3223,False
3224,True
3225,True
3226,True
3227,False
3228,False
3229,False
3230,False
3231,False
3232,True
3233,True
3234,True
3235,False
3236,True
3237,True
3238,False
3239,True
3240,True
3241,True
3242,True
3243,True
3244,False
3245,True
3246,False
3247,True
3248,True
3249,False
3250,True
3251,True
3252,True
3253,False
3254,False
3255,False
3256,True
3257,True
3258,False
3259,True
3260,True
3261,False
3262,True
3263,True
3264,False
3265,True
3266,True
3267,False
3268,True
3269,True
3270,True
3271,True
3272,True
3273,False
3274,True
3275,True
3276,False
3277,True
3278,True
3279,False
3280,True
3281,True
3282,True
3283,False
3284,True
3285,True
3286,True
3287,True
3288,True
3289,True
3290,False
3291,True
3292,True
3293,False
3294,True
3295,True
3296,True
3297,True
3298,False
3299,True
3300,False
3301,True
3302,True
3303,True
3304,True
3305,True
3306,False
3307,True
3308,False
3309,True
3310,True
3311,True
3312,False
3313,False
3314,True
3315,True
3316,True
3317,False
3318,True
3319,False
3320,False
3321,True
3322,True
3323,True
3324,False
3325,True
3326,True
3327,False
3328,False
3329,True
3330,True
3331,True
3332,True
3333,False
3334,False
3335,True
3336,False
3337,True
3338,True
3339,True
3340,False
3341,False
3342,True
3343,False
3344,True
3345,True
3346,True
3347,True
3348,True
3349,False
3350,True
3351,True
3352,True
3353,True
3354,True
3355,True
3356,True
3357,True
3358,False
3359,False
3360,False
3361,True
3362,False
3363,True
3364,True
3365,True
3366,True
3367,True
3368,False
3369,False
3370,True
3371,False
3372,False
3373,True
3374,False
3375,True
3376,True
3377,True
3378,True
3379,True
3380,True
3381,True
3382,True
3383,False
3384,True
3385,True
3386,True
3387,True
3388,True
3389,False
3390,True
3391,True
3392,True
3393,False
3394,True
3395,True
3396,False
3397,True
3398,True
3399,False
3400,True
3401,True
3402,True
3403,False
3404,False
3405,True
3406,False
3407,False
3408,True
3409,True
3410,False
3411,True
3412,False
3413,False
3414,True
3415,False
3416,False
3417,True
3418,True
3419,True
3420,False
3421,True
3422,True
3423,False
3424,False
3425,True
3426,True
3427,True
3428,True
3429,True
3430,True
3431,False
3432,True
3433,True
3434,True
3435,True
3436,True
3437,True
3438,False
3439,True
3440,False
3441,True
3442,False
3443,True
3444,False
3445,False
3446,False
3447,True
3448,True
3449,False
3450,True
3451,True
3452,True
3453,False
3454,False
3455,True
3456,True
3457,True
3458,False
3459,True
3460,False
3461,True
3462,True
3463,False
3464,True
3465,False
3466,True
3467,False
3468,True
3469,True
3470,True
3471,False
3472,False
3473,True
3474,False
3475,True
3476,True
3477,False
3478,True
3479,False
3480,False
3481,False
3482,True
3483,True
3484,True
3485,True
3486,False
3487,False
3488,True
3489,False
3490,True
3491,True
3492,False
3493,False
3494,True
3495,True
3496,False
3497,False
3498,False
3499,True
3500,False
3501,False
3502,True
3503,False
3504,False
3505,False
3506,False
3507,False
3508,False
3509,True
3510,True
3511,False
3512,False
3513,False
3514,True
3515,False
3516,True
3517,False
3518,True
3519,True
3520,False
3521,False
3522,True
3523,False
3524,False
3525,False
3526,False
3527,False
3528,False
3529,True
3530,True
3531,True
3532,True
3533,True
3534,False
3535,True
3536,True
3537,False
3538,False
3539,False
3540,True
3541,True
3542,True
3543,False
3544,True
3545,True
3546,True
3547,True
3548,True
3549,False
3550,True
3551,True
3552,False
3553,True
3554,True
3555,False
3556,False
3557,False
3558,True
3559,True
3560,True
3561,False
3562,True
3563,False
3564,True
3565,True
3566,True
3567,False
3568,True
3569,True
3570,True
3571,False
3572,True
3573,True
3574,False
3575,True
3576,True
3577,True
3578,True
3579,False
3580,True
3581,True
3582,True
3583,True
3584,False
3585,False
3586,False
3587,True
3588,False
3589,True
3590,True
3591,False
3592,False
3593,True
3594,False
3595,True
3596,True
3597,True
3598,False
3599,False
3600,False
3601,True
3602,True
3603,True
3604,True
3605,False
3606,False
3607,False
3608,False
3609,False
3610,True
3611,False
3612,True
3613,True
3614,False
3615,False
3616,False
3617,True
3618,True
3619,False
3620,False
3621,True
3622,True
3623,True
3624,False
3625,True
3626,True
3627,True
3628,True
3629,False
3630,True
3631,False
3632,True
3633,True
3634,True
3635,True
3636,True
3637,False
3638,False
3639,True
3640,True
3641,False
3642,True
3643,True
3644,True
3645,True
3646,False
3647,True
3648,True
3649,True
3650,True
3651,True
3652,False
3653,False
3654,True
3655,False
3656,True
3657,True
3658,True
3659,True
3660,True
3661,True
3662,True
3663,True
3664,True
3665,False
3666,False
3667,True
3668,True
3669,False
3670,True
3671,True
3672,False
3673,True
3674,True
3675,True
3676,False
3677,True
3678,False
3679,True
3680,True
3681,False
3682,False
3683,True
3684,False
3685,True
3686,True
3687,True
3688,False
3689,True
3690,False
3691,True
3692,True
3693,False
3694,False
3695,True
3696,False
3697,False
3698,True
3699,True
3700,True
3701,True
3702,False
3703,False
3704,True
3705,True
3706,False
3707,True
3708,False
3709,True
3710,True
3711,False
3712,False
3713,False
3714,False
3715,False
3716,False
3717,True
3718,False
3719,True
3720,False
3721,True
3722,False
3723,True
3724,True
3725,False
3726,False
3727,True
3728,True
3729,True
3730,False
3731,True
3732,True
3733,True
3734,True
3735,True
3736,False
3737,True
3738,False
3739,False
3740,True
3741,True
3742,True
3743,True
3744,True
3745,True
3746,True
3747,True
3748,False
3749,False
3750,False
3751,False
3752,False
3753,True
3754,False
3755,True
3756,False
3757,True
3758,True
3759,True
3760,True
3761,True
3762,False
3763,True
3764,False
3765,True
3766,True
3767,True
3768,True
3769,True
3770,True
3771,True
3772,True
3773,False
3774,True
3775,True
3776,True
3777,True
3778,True
3779,True
3780,False
3781,True
3782,False
3783,False
3784,False
3785,True
3786,False
3787,True
3788,False
3789,True
3790,True
3791,False
3792,True
3793,True
3794,False
3795,False
3796,True
3797,True
3798,False
3799,False
3800,True
3801,True
3802,True
3803,True
3804,True
3805,False
3806,True
3807,True
3808,True
3809,False
3810,True
3811,True
3812,True
3813,True
3814,False
3815,True
3816,True
3817,False
3818,True
3819,False
3820,True
3821,True
3822,True
3823,True
3824,False
3825,False
3826,True
3827,True
3828,True
3829,True
3830,True
3831,True
3832,True
3833,True
3834,True
3835,False
3836,True
3837,True
3838,True
3839,False
3840,True
3841,False
3842,True
3843,False
3844,True
3845,True
3846,False
3847,False
3848,True
3849,True
3850,False
3851,True
3852,True
3853,True
3854,True
3855,True
3856,True
3857,True
3858,True
3859,False
3860,True
3861,True
3862,False
3863,True
3864,False
3865,False
3866,True
3867,False
3868,False
3869,False
3870,False
3871,True
3872,False
3873,False
3874,True
3875,True
3876,False
3877,False
3878,True
3879,False
3880,True
3881,True
3882,False
3883,True
3884,True
3885,True
3886,True
3887,True
3888,False
3889,True
3890,True
3891,False
3892,True
3893,True
3894,True
3895,True
3896,True
3897,True
3898,True
3899,False
3900,True
3901,True
3902,False
3903,False
3904,True
3905,True
3906,True
3907,False
3908,False
3909,False
3910,False
3911,True
3912,False
3913,True
3914,False
3915,True
3916,False
3917,True
3918,True
3919,False
3920,False
3921,True
3922,True
3923,False
3924,False
3925,True
3926,True
3927,True
3928,True
3929,True
3930,True
3931,True
3932,True
3933,True
3934,False
3935,False
3936,False
3937,False
3938,True
3939,True
3940,False
3941,True
3942,True
3943,True
3944,False
3945,True
3946,True
3947,True
3948,True
3949,True
3950,True
3951,True
3952,True
3953,True
3954,True
3955,True
3956,True
3957,True
3958,True
3959,True
3960,False
3961,True
3962,True
3963,True
3964,False
3965,False
3966,False
3967,False
3968,False
3969,True
3970,False
3971,True
3972,False
3973,False
3974,False
3975,True
3976,True
3977,False
3978,False
3979,False
3980,False
3981,True
3982,True
3983,True
3984,False
3985,True
3986,False
3987,False
3988,False
3989,True
3990,False
3991,False
3992,False
3993,True
3994,True
3995,True
3996,False
3997,False
3998,False
3999,True
